Title,Authors,Year,Document Type,DOI,Link,Publication Title
Introducing Agile Product Owners in a FLOSS Project,Matthias MüllerChristian SchindlerWolfgang Slany,2019,Chapter,10.1007/978-3-030-20883-7_4,http://link.springer.com/chapter/10.1007/978-3-030-20883-7_4,Open Source Systems
Comparing Scaling Agile Frameworks Based on Underlying Practices,Sven TheobaldAnna SchmittPhilipp Diebold,2019,Chapter,10.1007/978-3-030-30126-2_11,http://link.springer.com/chapter/10.1007/978-3-030-30126-2_11,Agile Processes in Software Engineering and Extreme Programming – Workshops
The Changing Role of the Software Engineer,Edward MeadeEmma O’KeeffeNiall LyonsDean LynchMurat YilmazUlas GulecRory V. O’ConnorPaul M. Clarke,2019,Chapter,10.1007/978-3-030-28005-5_53,http://link.springer.com/chapter/10.1007/978-3-030-28005-5_53,"Systems, Software and Services Process Improvement"
Application of Computational Linguistics Techniques for Improving Software Quality,Amin BoudeffaAntonin AbherveAlessandra BagnatoCedric ThomasMartin HamantAssad Montasser,2019,Chapter,10.1007/978-3-030-35333-9_41,http://link.springer.com/chapter/10.1007/978-3-030-35333-9_41,Product-Focused Software Process Improvement
Agile Development of Cross-University Digital Education Ecosystems,Carsten WolffChristian ReimannOlha MikhieievaEkaterina Mikhaylova,2021,Chapter,10.1007/978-3-030-85521-5_51,http://link.springer.com/chapter/10.1007/978-3-030-85521-5_51,"Systems, Software and Services Process Improvement"
Empowering Instead of Hindering – Challenges in Participatory Development of Cognitively Accessible Software,Susanne Dirks,2019,Chapter,10.1007/978-3-030-23560-4_3,http://link.springer.com/chapter/10.1007/978-3-030-23560-4_3,"Universal Access in Human-Computer Interaction. Theory, Methods and Tools"
MELODIC: Selection and Integration of Open Source to Build an Autonomic Cross-Cloud Deployment Platform,Geir HornPaweł SkrzypekMarcin PrusińskiKatarzyna MaterkaVassilis StefanidisYiannis Verginadis,2019,Chapter,10.1007/978-3-030-29852-4_31,http://link.springer.com/chapter/10.1007/978-3-030-29852-4_31,Software Technology: Methods and Tools
Quality Assurance and Traceability in Containerized Continuous Delivery Process,Oyewale Adedayo OyelamiAlexander PothJohannes HintschAndreas Riel,2019,Chapter,10.1007/978-3-030-28005-5_28,http://link.springer.com/chapter/10.1007/978-3-030-28005-5_28,"Systems, Software and Services Process Improvement"
Preferred Tools for Agile Development: A Sociocultural Perspective,Paolo CiancariniMarcello MissiroliAlberto Sillitti,2019,Chapter,10.1007/978-3-030-29852-4_3,http://link.springer.com/chapter/10.1007/978-3-030-29852-4_3,Software Technology: Methods and Tools
DevOps is Simply Interaction Between Development and Operations,Floris Erich,2019,Chapter,10.1007/978-3-030-06019-0_7,http://link.springer.com/chapter/10.1007/978-3-030-06019-0_7,Software Engineering Aspects of Continuous Development and New Paradigms of Software Production and Deployment
A Multidimensional Review and Extension of the SPI Manifesto Using STEEPLED Analysis,Elli GeorgiadouKerstin SiakasEleni BerkiJohn EstdaleHarjinder RahanuMargaret RossRichard Messnarz,2021,Chapter,10.1007/978-3-030-85521-5_13,http://link.springer.com/chapter/10.1007/978-3-030-85521-5_13,"Systems, Software and Services Process Improvement"
Artificial Intelligence Helps Making Quality Assurance Processes Leaner,Alexander PothQuirin BeckAndreas Riel,2019,Chapter,10.1007/978-3-030-28005-5_56,http://link.springer.com/chapter/10.1007/978-3-030-28005-5_56,"Systems, Software and Services Process Improvement"
Quality Evaluation with the Open-Source Quality-Radar for a Sustainable Selection and Use of FOSS Components,Alexander PothDan-Alexander LevienOlsi RrjolliMatthias Wanjetscheck,2022,Chapter,10.1007/978-3-031-15559-8_36,http://link.springer.com/chapter/10.1007/978-3-031-15559-8_36,"Systems, Software and Services Process Improvement"
DevOps Meets Dynamic Orchestration,Kiyana BahadoriTullio Vardanega,2019,Chapter,10.1007/978-3-030-06019-0_11,http://link.springer.com/chapter/10.1007/978-3-030-06019-0_11,Software Engineering Aspects of Continuous Development and New Paradigms of Software Production and Deployment
Empowering Software Engineering with Artificial Intelligence,Hoa Khanh Dam,2019,Chapter,10.1007/978-3-030-32242-7_3,http://link.springer.com/chapter/10.1007/978-3-030-32242-7_3,Service Research and Innovation
Practical Implementation of Industry 4.0 Based on Open Access Tools and Technologies,Ahmed AwoudaKhurshid AlievPaolo ChiabertDario Antonelli,2019,Chapter,10.1007/978-3-030-42250-9_9,http://link.springer.com/chapter/10.1007/978-3-030-42250-9_9,Product Lifecycle Management in the Digital Twin Era
Examining Unequal Gender Distribution in Software Engineering,Alex MurphyBen KellyKai BergmannKyrylo KhaletskyyRory V. O’ConnorPaul M. Clarke,2019,Chapter,10.1007/978-3-030-28005-5_51,http://link.springer.com/chapter/10.1007/978-3-030-28005-5_51,"Systems, Software and Services Process Improvement"
The Impact of Dance Sport on Software Development,Irina Erofeeva,2019,Chapter,10.1007/978-3-030-29852-4_8,http://link.springer.com/chapter/10.1007/978-3-030-29852-4_8,Software Technology: Methods and Tools
To Work from Home (WFH) or Not to Work from Home? Lessons Learned by Software Engineers During the COVID-19 Pandemic,Aifric NolanRachel WhiteMahjabeen SoomroBoluwatife Comfort DopamuMurat YilmazDavid SolanPaul Clarke,2021,Chapter,10.1007/978-3-030-85521-5_2,http://link.springer.com/chapter/10.1007/978-3-030-85521-5_2,"Systems, Software and Services Process Improvement"
Designing a Maturity Model for a Distributed Software Organization. An Experience Report,Bartosz WalterMarcin WolskiŽarko StanisavljevićAndrijana Todosijević,2019,Chapter,10.1007/978-3-030-28005-5_10,http://link.springer.com/chapter/10.1007/978-3-030-28005-5_10,"Systems, Software and Services Process Improvement"
A Preliminary Method to Support the Semantic Interoperability in Models of Manufacturing (MfM) Based on an Ontological Approach,Anderson Luis SzejkaOsiris Canciglieri Jr.Fernando Mas,2019,Chapter,10.1007/978-3-030-42250-9_11,http://link.springer.com/chapter/10.1007/978-3-030-42250-9_11,Product Lifecycle Management in the Digital Twin Era
There’s No Business Like Software Business: Trends in Software Intensive Business Research,Slinger Jansen,2019,Chapter,10.1007/978-3-030-33742-1_3,http://link.springer.com/chapter/10.1007/978-3-030-33742-1_3,Software Business
Modular Programming and Reasoning for Living with Uncertainty,Naoyasu UbayashiYasutaka KameiRyosuke Sato,2019,Chapter,10.1007/978-3-030-29157-0_10,http://link.springer.com/chapter/10.1007/978-3-030-29157-0_10,Software Technologies
Building Effective Software Development Teams Based on the Personality of Its Members,Luz Marcela Restrepo-TamayoGloria Piedad Gasca-HurtadoMirna Muñoz,2022,Chapter,10.1007/978-3-031-15559-8_48,http://link.springer.com/chapter/10.1007/978-3-031-15559-8_48,"Systems, Software and Services Process Improvement"
From Monolith to Microservices: A Classification of Refactoring Approaches,Jonas FritzschJustus BognerAlfred ZimmermannStefan Wagner,2019,Chapter,10.1007/978-3-030-06019-0_10,http://link.springer.com/chapter/10.1007/978-3-030-06019-0_10,Software Engineering Aspects of Continuous Development and New Paradigms of Software Production and Deployment
A Taxonomy of Software Engineering Challenges for Machine Learning Systems: An Empirical Investigation,Lucy Ellen LwakatareAiswarya RajJan BoschHelena Holmström OlssonIvica Crnkovic,2019,Chapter,10.1007/978-3-030-19034-7_14,http://link.springer.com/chapter/10.1007/978-3-030-19034-7_14,Agile Processes in Software Engineering and Extreme Programming
An Empirical Assessment on Affective Reactions of Novice Developers When Applying Test-Driven Development,Simone RomanoDavide FucciMaria Teresa BaldassarreDanilo CaivanoGiuseppe Scanniello,2019,Chapter,10.1007/978-3-030-35333-9_1,http://link.springer.com/chapter/10.1007/978-3-030-35333-9_1,Product-Focused Software Process Improvement
Comparison Framework for Team-Based Communication Channels,Camila Costa SilvaFabian GilsonMatthias Galster,2019,Chapter,10.1007/978-3-030-35333-9_22,http://link.springer.com/chapter/10.1007/978-3-030-35333-9_22,Product-Focused Software Process Improvement
Increasing Precision of Automatically Generated Trace Links,Paul HübnerBarbara Paech,2019,Chapter,10.1007/978-3-030-15538-4_5,http://link.springer.com/chapter/10.1007/978-3-030-15538-4_5,Requirements Engineering: Foundation for Software Quality
A Proposal for Integrating DevOps into Software Engineering Curricula,Christopher Jones,2019,Chapter,10.1007/978-3-030-06019-0_3,http://link.springer.com/chapter/10.1007/978-3-030-06019-0_3,Software Engineering Aspects of Continuous Development and New Paradigms of Software Production and Deployment
Teaching Formal Methods: Lessons Learnt from Using Event-B,Néstor Cataño,2019,Chapter,10.1007/978-3-030-32441-4_14,http://link.springer.com/chapter/10.1007/978-3-030-32441-4_14,Formal Methods Teaching
Crowdsourced Reverse Engineering: Experiences in Applying Crowdsourcing to Concept Assignment,Sebastian HeilValentin SiegertMartin Gaedke,2019,Chapter,10.1007/978-3-030-22559-9_10,http://link.springer.com/chapter/10.1007/978-3-030-22559-9_10,Evaluation of Novel Approaches to Software Engineering
"A Learning Management System Accessible for Visual, Hearing and Physical Impairments",Marcos NascimentoThiago OliveiraNelson LimaRenato RamosLidiane SilvaFrancisco OliveiraAnarosa Brandão,2019,Chapter,10.1007/978-3-030-23560-4_35,http://link.springer.com/chapter/10.1007/978-3-030-23560-4_35,"Universal Access in Human-Computer Interaction. Theory, Methods and Tools"
The Digital Thread in Industry 4.0,Tiziana MargariaAlexander Schieweck,2019,Chapter,10.1007/978-3-030-34968-4_1,http://link.springer.com/chapter/10.1007/978-3-030-34968-4_1,Integrated Formal Methods
Leveraging Cyber-Physical System Honeypots to Enhance Threat Intelligence,Michael Haney,2019,Chapter,10.1007/978-3-030-34647-8_11,http://link.springer.com/chapter/10.1007/978-3-030-34647-8_11,Critical Infrastructure Protection XIII
Smart Contracts for Container Based Video Conferencing Services: Architecture and Implementation,Sandi GecDejan LavbičMarko BajecVlado Stankovski,2019,Chapter,10.1007/978-3-030-13342-9_19,http://link.springer.com/chapter/10.1007/978-3-030-13342-9_19,"Economics of Grids, Clouds, Systems, and Services"
A New Compact Optical System Proposal and Image Quality Comparison Against Other Affordable Non-mydriatic Fundus Cameras,David MeloFilipe SoaresSimão FelgueirasJoão GonçalvesPedro Vieira,2019,Chapter,10.1007/978-3-030-29196-9_2,http://link.springer.com/chapter/10.1007/978-3-030-29196-9_2,Biomedical Engineering Systems and Technologies
Organizing Knowledge on Nonverbal Communication Mediated Through Haptic Technology,Hector M. Camarillo-AbadJ. Alfredo SánchezOleg Starostenko,2019,Chapter,10.1007/978-3-030-37386-3_20,http://link.springer.com/chapter/10.1007/978-3-030-37386-3_20,Human-Computer Interaction
Design of a (Yet Another?) DevOps Course,Alfredo CapozuccaNicolas GuelfiBenoît Ries,2019,Chapter,10.1007/978-3-030-06019-0_1,http://link.springer.com/chapter/10.1007/978-3-030-06019-0_1,Software Engineering Aspects of Continuous Development and New Paradigms of Software Production and Deployment
Q-Rapids: Quality-Aware Rapid Software Development – An H2020 Project,Lidia LópezMarc Oriol,2019,Chapter,10.1007/978-3-030-35333-9_46,http://link.springer.com/chapter/10.1007/978-3-030-35333-9_46,Product-Focused Software Process Improvement
Empowering Continuous Delivery in Software Development: The DevOps Strategy,Clauirton SiebraRosberg LacerdaItalo CerqueiraJonysberg P. QuintinoFabiana FlorentinFabio B. Q. da SilvaAndre L. M. Santos,2019,Chapter,10.1007/978-3-030-29157-0_11,http://link.springer.com/chapter/10.1007/978-3-030-29157-0_11,Software Technologies
What Are Real JSON Schemas Like?,Benjamin MaiwaldBenjamin RiedleStefanie Scherzinger,2019,Chapter,10.1007/978-3-030-34146-6_9,http://link.springer.com/chapter/10.1007/978-3-030-34146-6_9,Advances in Conceptual Modeling
Generation of Inductive Types from Ecore Metamodels,Jérémy BuissonSeidali Rehab,2019,Chapter,10.1007/978-3-030-11030-7_14,http://link.springer.com/chapter/10.1007/978-3-030-11030-7_14,Model-Driven Engineering and Software Development
Control System Design of Soy Sauce Koji-Making Based on ARM,Min ZhangYuhua WuTing YangShijun Li,2019,Chapter,10.1007/978-3-030-06155-5_19,http://link.springer.com/chapter/10.1007/978-3-030-06155-5_19,Computer and Computing Technologies in Agriculture X
Business Object Centric Microservices Patterns,Adambarage Anuruddha Chathuranga De AlwisAlistair BarrosColin FidgeArtem Polyvyanyy,2019,Chapter,10.1007/978-3-030-33246-4_30,http://link.springer.com/chapter/10.1007/978-3-030-33246-4_30,On the Move to Meaningful Internet Systems: OTM 2019 Conferences
A Domain Specific Language to Support HAZOP Studies of SysML Models,Arut Prakash KaleeswaranPeter MunkSamir SarkicThomas VogelArne Nordmann,2019,Chapter,10.1007/978-3-030-32872-6_4,http://link.springer.com/chapter/10.1007/978-3-030-32872-6_4,Model-Based Safety and Assessment
Complex Systems: On Design and Architecture of Adaptable Dashboards,Dragos Strugar,2019,Chapter,10.1007/978-3-030-29852-4_14,http://link.springer.com/chapter/10.1007/978-3-030-29852-4_14,Software Technology: Methods and Tools
Reuse and Customization for Code Generators: Synergy by Transformations and Templates,Robert EikermannKatrin HölldoblerAlexander RothBernhard Rumpe,2019,Chapter,10.1007/978-3-030-11030-7_3,http://link.springer.com/chapter/10.1007/978-3-030-11030-7_3,Model-Driven Engineering and Software Development
Predicting Web Vulnerabilities in Web Applications Based on Machine Learning,Muhammad Noman KhalidHumera FarooqMuhammad IqbalMuhammad Talha AlamKamran Rasheed,2019,Chapter,10.1007/978-981-13-6052-7_41,http://link.springer.com/chapter/10.1007/978-981-13-6052-7_41,Intelligent Technologies and Applications
Validating Safety Arguments with Lean,Logan MurphyTorin VigerAlessio Di SandroRamy ShahinMarsha Chechik,2021,Chapter,10.1007/978-3-030-92124-8_2,http://link.springer.com/chapter/10.1007/978-3-030-92124-8_2,Software Engineering and Formal Methods
The Lean 4 Theorem Prover and Programming Language,Leonardo de MouraSebastian Ullrich,2021,Chapter,10.1007/978-3-030-79876-5_37,http://link.springer.com/chapter/10.1007/978-3-030-79876-5_37,Automated Deduction – CADE 28
Software Quality Improvement Practices in Continuous Integration,İlgi Keskin KaynakEvren ÇildenSelin Aydin,2019,Chapter,10.1007/978-3-030-28005-5_39,http://link.springer.com/chapter/10.1007/978-3-030-28005-5_39,"Systems, Software and Services Process Improvement"
Lean-Back Machina: Attention-Based Skippable Segments in Interactive Cinema,Niels Erik RaursøMalte Elkær RasmussenMikkel Kappel PerssonTor Arnth PetersenKristinn Bragi GarðarssonHenrik Schoenau-Fog,2021,Chapter,10.1007/978-3-030-92300-6_12,http://link.springer.com/chapter/10.1007/978-3-030-92300-6_12,Interactive Storytelling
Defining Attack Patterns for Industrial Control Systems,Raymond ChanKam-Pui ChowChun-Fai Chan,2019,Chapter,10.1007/978-3-030-34647-8_15,http://link.springer.com/chapter/10.1007/978-3-030-34647-8_15,Critical Infrastructure Protection XIII
Motivational Value of Code.org’s Code Studio Tutorials in an Undergraduate Programming Course,Guillaume NelLiezel Nel,2019,Chapter,10.1007/978-3-030-05813-5_12,http://link.springer.com/chapter/10.1007/978-3-030-05813-5_12,ICT Education
Design and Evaluation of a User-Interface for Authoring Sentences of American Sign Language Animation,Abhishek KannekantiSedeeq Al-khazrajiMatt Huenerfauth,2019,Chapter,10.1007/978-3-030-23560-4_19,http://link.springer.com/chapter/10.1007/978-3-030-23560-4_19,"Universal Access in Human-Computer Interaction. Theory, Methods and Tools"
Superposition with Lambdas,Alexander BentkampJasmin BlanchetteSophie TourretPetar VukmirovićUwe Waldmann,2019,Chapter,10.1007/978-3-030-29436-6_4,http://link.springer.com/chapter/10.1007/978-3-030-29436-6_4,Automated Deduction – CADE 27
Teaching Stratego to Play Ball: Optimal Synthesis for Continuous Space MDPs,Manfred JaegerPeter Gjøl JensenKim Guldstrand LarsenAxel LegaySean SedwardsJakob Haahr Taankvist,2019,Chapter,10.1007/978-3-030-31784-3_5,http://link.springer.com/chapter/10.1007/978-3-030-31784-3_5,Automated Technology for Verification and Analysis
3D SfM as a Measuring Technique for Human Body Transformation,Alessandro MarroStefan WiesenMax LangbeinHans Hagen,2019,Chapter,10.1007/978-3-030-13469-3_18,http://link.springer.com/chapter/10.1007/978-3-030-13469-3_18,"Progress in Pattern Recognition, Image Analysis, Computer Vision, and Applications"
Measuring Ethereum-Based ERC20 Token Networks,Friedhelm VictorBianca Katharina Lüders,2019,Chapter,10.1007/978-3-030-32101-7_8,http://link.springer.com/chapter/10.1007/978-3-030-32101-7_8,Financial Cryptography and Data Security
DataMock: An Agile Approach for Building Data Models from User Interface Mockups,José Matías RiveroJulián GrigeraDamiano DistanteFrancisco MonteroGustavo Rossi,2019,Article,10.1007/s10270-017-0586-9,http://link.springer.com/article/10.1007/s10270-017-0586-9,Software & Systems Modeling
Measuring the effect of clone refactoring on the size of unit test cases in object-oriented software: an empirical study,Mourad BadriLinda BadriOussama HachemaneAlexandre Ouellet,2019,Article,10.1007/s11334-019-00334-6,http://link.springer.com/article/10.1007/s11334-019-00334-6,Innovations in Systems and Software Engineering
A method for testing and validating executable statechart models,Tom MensAlexandre DecanNikolaos I. Spanoudakis,2019,Article,10.1007/s10270-018-0676-3,http://link.springer.com/article/10.1007/s10270-018-0676-3,Software & Systems Modeling
A Blockchain-Enabled Framework for Requirements Traceability,Selina DemiMary Sánchez-GordónRicardo Colomo-Palacios,2021,Chapter,10.1007/978-3-030-85521-5_1,http://link.springer.com/chapter/10.1007/978-3-030-85521-5_1,"Systems, Software and Services Process Improvement"
cvc5: A Versatile and Industrial-Strength SMT Solver,Haniel BarbosaClark BarrettMartin BrainGereon KremerHanna LachnittMakai MannAbdalrhman MohamedMudathir MohamedAina NiemetzAndres NötzliAlex OzdemirMathias PreinerAndrew ReynoldsYing ShengCesare TinelliYoni Zohar,2022,Chapter,10.1007/978-3-030-99524-9_24,http://link.springer.com/chapter/10.1007/978-3-030-99524-9_24,Tools and Algorithms for the Construction and Analysis of Systems
Graph-Based Software Framework for Implementation of Complex Computational Methods,A. P. SokolovA. Yu. Pershin,2019,Article,10.1134/S0361768819050062,http://link.springer.com/article/10.1134/S0361768819050062,Programming and Computer Software
A Survey on the Moving Target Defense Strategies: An Architectural Perspective,Jianjun ZhengAkbar Siami Namin,2019,Article,10.1007/s11390-019-1906-z,http://link.springer.com/article/10.1007/s11390-019-1906-z,Journal of Computer Science and Technology
Managing design-time uncertainty,Michalis FamelisMarsha Chechik,2019,Article,10.1007/s10270-017-0594-9,http://link.springer.com/article/10.1007/s10270-017-0594-9,Software & Systems Modeling
Model-Driven Development of Distributed Ledger Applications,Piero FraternaliSergio Luis Herrera GonzalezMatteo FrigerioMattia Righetti,2022,Chapter,10.1007/978-3-031-11217-1_8,http://link.springer.com/chapter/10.1007/978-3-031-11217-1_8,Database Systems for Advanced Applications. DASFAA 2022 International Workshops
Dimensionality Features Extraction Based-on Multi-scale Neighborhood of Multi-samples UAV Point Clouds,Mirko Saponaro,2021,Chapter,10.1007/978-3-030-87007-2_4,http://link.springer.com/chapter/10.1007/978-3-030-87007-2_4,Computational Science and Its Applications – ICCSA 2021
"Semantic hierarchies for extracting, modeling, and connecting compliance requirements in information security control standards",Matthew L. HaleRose F. Gamble,2019,Article,10.1007/s00766-017-0287-5,http://link.springer.com/article/10.1007/s00766-017-0287-5,Requirements Engineering
Models@run.time: a guided tour of the state of the art and research challenges,Nelly BencomoSebastian GötzHui Song,2019,Article,10.1007/s10270-018-00712-x,http://link.springer.com/article/10.1007/s10270-018-00712-x,Software & Systems Modeling
A Survey on Graph Processing Accelerators: Challenges and Opportunities,Chuang-Yi GuiLong ZhengBingsheng HeCheng LiuXin-Yu ChenXiao-Fei LiaoHai Jin,2019,Article,10.1007/s11390-019-1914-z,http://link.springer.com/article/10.1007/s11390-019-1914-z,Journal of Computer Science and Technology
Simulation of Human Posture Sway Based on Reference Control,Qiuyan ZengMuye PangBiwei TangKui Xiang,2021,Chapter,10.1007/978-3-030-89095-7_60,http://link.springer.com/chapter/10.1007/978-3-030-89095-7_60,Intelligent Robotics and Applications
DEMC: A Deep Dual-Encoder Network for Denoising Monte Carlo Rendering,Xin YangDawei WangWenbo HuLi-Jing ZhaoBao-Cai YinQiang ZhangXiao-Peng WeiHongbo Fu,2019,Article,10.1007/s11390-019-1964-2,http://link.springer.com/article/10.1007/s11390-019-1964-2,Journal of Computer Science and Technology
Stress-testing remote model querying APIs for relational and graph-based stores,Antonio Garcia-DominguezKonstantinos BarmpisDimitrios S. KolovosRan WeiRichard F. Paige,2019,Article,10.1007/s10270-017-0606-9,http://link.springer.com/article/10.1007/s10270-017-0606-9,Software & Systems Modeling
"Modeling compliance specifications in linear temporal logic, event processing language and property specification patterns: a controlled experiment on understandability",Christoph CzepaAmirali AmiriEvangelos NtentosUwe Zdun,2019,Article,10.1007/s10270-019-00721-4,http://link.springer.com/article/10.1007/s10270-019-00721-4,Software and Systems Modeling
"Use, potential, and showstoppers of models in automotive requirements engineering",Grischa LiebelMatthias TichyEric Knauss,2019,Article,10.1007/s10270-018-0683-4,http://link.springer.com/article/10.1007/s10270-018-0683-4,Software & Systems Modeling
Theoretical foundations and implementation of business process diagrams’ complexity management technique based on highlights,Gregor JoštMarjan HeričkoGregor Polančič,2019,Article,10.1007/s10270-017-0618-5,http://link.springer.com/article/10.1007/s10270-017-0618-5,Software & Systems Modeling
Improving user productivity in modeling tools by explicitly modeling workflows,Miguel GamboaEugene Syriani,2019,Article,10.1007/s10270-018-0678-1,http://link.springer.com/article/10.1007/s10270-018-0678-1,Software & Systems Modeling
"Scientific Collaboration, Citation and Topic Analysis of International Conference on Agile Software Development Papers",Muhammad Ovais AhmadPäivi Raulamo-Jurvanen,2020,Chapter,10.1007/978-3-030-37534-8_6,http://link.springer.com/chapter/10.1007/978-3-030-37534-8_6,Advances in Agile and User-Centred Software Engineering
Agile Software Development Practices and Success in Outsourced Projects: The Moderating Role of Requirements Risk,Oliver Krancher,2020,Chapter,10.1007/978-3-030-49392-9_4,http://link.springer.com/chapter/10.1007/978-3-030-49392-9_4,Agile Processes in Software Engineering and Extreme Programming
An Open Source Environment for an Agile Development Model,Paolo CiancariniMarcello MissiroliFrancesco PoggiDaniel Russo,2020,Chapter,10.1007/978-3-030-47240-5_15,http://link.springer.com/chapter/10.1007/978-3-030-47240-5_15,Open Source Systems
Digital Management of Large Building Stocks: BIM and GIS Integration-Based Systems,Mattia MangiaMariangela LazoiGiovanna Mangialardi,2022,Chapter,10.1007/978-3-030-94335-6_10,http://link.springer.com/chapter/10.1007/978-3-030-94335-6_10,Product Lifecycle Management. Green and Blue Technologies to Support Smart and Sustainable Organizations
Onboarding: How Newcomers Integrate into an Agile Project Team,Peggy GregoryDiane E. StrodeRaid AlQaisiHelen SharpLeonor Barroca,2020,Chapter,10.1007/978-3-030-49392-9_2,http://link.springer.com/chapter/10.1007/978-3-030-49392-9_2,Agile Processes in Software Engineering and Extreme Programming
TDDM4IoTS: A Test-Driven Development Methodology for Internet of Things (IoT)-Based Systems,Gleiston Guerrero-UlloaMiguel J. HornosCarlos Rodríguez-Domínguez,2020,Chapter,10.1007/978-3-030-42517-3_4,http://link.springer.com/chapter/10.1007/978-3-030-42517-3_4,Applied Technologies
"Visualization, Monitoring and Control Techniques for Use in Scrum Software Development: An Analytic Hierarchy Process Approach",Nesib TekinMehmet KosaMurat YilmazPaul ClarkeVahid Garousi,2020,Chapter,10.1007/978-3-030-56441-4_4,http://link.springer.com/chapter/10.1007/978-3-030-56441-4_4,"Systems, Software and Services Process Improvement"
Open Source Cloud Platform for Academic Systems Monitoring Software,Rubén NogalesPaul TandazoFranklin MayorgaDavid GuevaraJavier Vargas,2020,Chapter,10.1007/978-3-030-42517-3_34,http://link.springer.com/chapter/10.1007/978-3-030-42517-3_34,Applied Technologies
The Development of Data Collectors in Open-Source System for Energy Efficiency Assessment,Daniel AtongeVladimir IvanovArtem KruglovIlya KhomyakovAndrey SadovykhDragos StrugarGiancarlo SucciXavier Zelada VasquezEvgeny Zouev,2020,Chapter,10.1007/978-3-030-47240-5_2,http://link.springer.com/chapter/10.1007/978-3-030-47240-5_2,Open Source Systems
"How the Cathedral Embraced the Bazaar, and the Bazaar Became a Cathedral",Terhi KilamoValentina LenarduzziTuukka AhoniemiAri JaaksiJurka RahikkalaTommi Mikkonen,2020,Chapter,10.1007/978-3-030-47240-5_14,http://link.springer.com/chapter/10.1007/978-3-030-47240-5_14,Open Source Systems
An Analysis of Automated Technical Debt Measurement,Ilya KhomyakovZufar MakhmutovRuzilya MirgalimovaAlberto Sillitti,2020,Chapter,10.1007/978-3-030-40783-4_12,http://link.springer.com/chapter/10.1007/978-3-030-40783-4_12,Enterprise Information Systems
Examining the Current State of System Testing Methodologies in Quality Assurance,Rafaela SophocleousGeorgia M. Kapitsaki,2020,Chapter,10.1007/978-3-030-49392-9_16,http://link.springer.com/chapter/10.1007/978-3-030-49392-9_16,Agile Processes in Software Engineering and Extreme Programming
Optimizing Parametric Dependencies for Incremental Performance Model Extraction,Sonya VonevaManar MazkatliJohannes GrohmannAnne Koziolek,2020,Chapter,10.1007/978-3-030-59155-7_17,http://link.springer.com/chapter/10.1007/978-3-030-59155-7_17,Software Architecture
"InnoMetrics Dashboard: The Design, and Implementation of the Adaptable Dashboard for Energy-Efficient Applications Using Open Source Tools",Shokhista ErgashevaVladimir IvanovIlya KhomyakovArtem KruglovDragos StrugarGiancarlo Succi,2020,Chapter,10.1007/978-3-030-47240-5_16,http://link.springer.com/chapter/10.1007/978-3-030-47240-5_16,Open Source Systems
A Model and System for Querying Provenance from Data Cleaning Workflows,Nikolaus Nova ParulianTimothy M. McPhillipsBertram Ludäscher,2021,Chapter,10.1007/978-3-030-80960-7_11,http://link.springer.com/chapter/10.1007/978-3-030-80960-7_11,Provenance and Annotation of Data and Processes
Towards Bridging the Value Gap in DevOps,Gail C. MurphyMik Kersten,2020,Chapter,10.1007/978-3-030-39306-9_13,http://link.springer.com/chapter/10.1007/978-3-030-39306-9_13,Software Engineering Aspects of Continuous Development and New Paradigms of Software Production and Deployment
Domain Analysis with TRIZ to Define an Effective “Design for Excellence” Framework,Stelian Brad,2021,Chapter,10.1007/978-3-030-86614-3_34,http://link.springer.com/chapter/10.1007/978-3-030-86614-3_34,Creative Solutions for a Sustainable Development
A Feasibility Study of an Agile and Data-Centric Method for Prototyping Services Based on Open Transport Data,Nicolas FerryAida OmerovicMarit Kjøsnes Natvig,2020,Chapter,10.1007/978-3-030-49432-2_5,http://link.springer.com/chapter/10.1007/978-3-030-49432-2_5,Cloud Computing and Services Science
Design Decisions by Voice: The Next Step of Software Architecture Knowledge Management,Rafael CapillaRodi JolakMichel R. V. ChaudronCarlos Carrillo,2020,Chapter,10.1007/978-3-030-64266-2_10,http://link.springer.com/chapter/10.1007/978-3-030-64266-2_10,Human-Centered Software Engineering
From a Data Science Driven Process to a Continuous Delivery Process for Machine Learning Systems,Lucy Ellen LwakatareIvica CrnkovicEllinor RångeJan Bosch,2020,Chapter,10.1007/978-3-030-64148-1_12,http://link.springer.com/chapter/10.1007/978-3-030-64148-1_12,Product-Focused Software Process Improvement
Applying Distributed Cognition Theory to Agile Requirements Engineering,Jim BuchanDidar ZowghiMuneera Bano,2020,Chapter,10.1007/978-3-030-44429-7_14,http://link.springer.com/chapter/10.1007/978-3-030-44429-7_14,Requirements Engineering: Foundation for Software Quality
“This is Just a Prototype”: How Ethics Are Ignored in Software Startup-Like Environments,Ville VakkuriKai-Kristian KemellMarianna JantunenPekka Abrahamsson,2020,Chapter,10.1007/978-3-030-49392-9_13,http://link.springer.com/chapter/10.1007/978-3-030-49392-9_13,Agile Processes in Software Engineering and Extreme Programming
Design for the Decentralized World: Democratization of Blockchain-Based Software Design,Vladislav GladyshevQiong Wu,2020,Chapter,10.1007/978-3-030-49760-6_5,http://link.springer.com/chapter/10.1007/978-3-030-49760-6_5,"Design, User Experience, and Usability. Design for Contemporary Interactive Environments"
The 2020 Expert Survey on Formal Methods,Hubert GaravelMaurice H. ter BeekJaco van de Pol,2020,Chapter,10.1007/978-3-030-58298-2_1,http://link.springer.com/chapter/10.1007/978-3-030-58298-2_1,Formal Methods for Industrial Critical Systems
Integration of Security Standards in DevOps Pipelines: An Industry Case Study,Fabiola MoyónRafael SoaresMaria Pinto-AlbuquerqueDaniel MendezKristian Beckers,2020,Chapter,10.1007/978-3-030-64148-1_27,http://link.springer.com/chapter/10.1007/978-3-030-64148-1_27,Product-Focused Software Process Improvement
Towards a Multidimensional Self-assessment for Software Process Improvement: A Pilot Tool,Elli GeorgiadouEleni BerkiKerstin SiakasSamer SamehJohn EstdaleHarjinder RahanuMargaret RossRichard MessnarzJuri Petri Valtanen,2021,Chapter,10.1007/978-3-030-85521-5_12,http://link.springer.com/chapter/10.1007/978-3-030-85521-5_12,"Systems, Software and Services Process Improvement"
Learning Agility from Dancers – Experience and Lesson Learnt,Irina ErofeevaVladimir IvanovSergey MasyaginGiancarlo Succi,2020,Chapter,10.1007/978-3-030-39306-9_8,http://link.springer.com/chapter/10.1007/978-3-030-39306-9_8,Software Engineering Aspects of Continuous Development and New Paradigms of Software Production and Deployment
An XQuery Specification for Requests with Preferences on XML Databases,Maurice Tchoupé TchendjiPatrik Joslin Kenfack,2020,Chapter,10.1007/978-3-030-47240-5_12,http://link.springer.com/chapter/10.1007/978-3-030-47240-5_12,Open Source Systems
Fallacies and Pitfalls on the Road to DevOps: A Longitudinal Industrial Study,Alessandro CaprarelliElisabetta Di NittoDamian Andrew Tamburri,2020,Chapter,10.1007/978-3-030-39306-9_15,http://link.springer.com/chapter/10.1007/978-3-030-39306-9_15,Software Engineering Aspects of Continuous Development and New Paradigms of Software Production and Deployment
Vision Meets Visualization: Are Animated Videos an Alternative?,Melanie BuschOliver KarrasKurt SchneiderMaike Ahrens,2020,Chapter,10.1007/978-3-030-44429-7_19,http://link.springer.com/chapter/10.1007/978-3-030-44429-7_19,Requirements Engineering: Foundation for Software Quality
Identification and integration of security activities for secure agile development,Amit SharmaR. K. Bawa,2022,Article,10.1007/s41870-020-00446-4,http://link.springer.com/article/10.1007/s41870-020-00446-4,International Journal of Information Technology
Guidelines adopted by agile teams in privacy requirements elicitation after the Brazilian general data protection law (LGPD) implementation,Edna Dias CanedoAngelica Toffano Seidel CalazansIan Nery BandeiraPedro Henrique Teixeira CostaEloisa Toffano Seidel Masson,2022,Article,10.1007/s00766-022-00391-7,http://link.springer.com/article/10.1007/s00766-022-00391-7,Requirements Engineering
An impact-driven approach to predict user stories instability,Yarden LevyRoni SternArnon SturmArgaman MordochYuval Bitan,2022,Article,10.1007/s00766-022-00372-w,http://link.springer.com/article/10.1007/s00766-022-00372-w,Requirements Engineering
Requirements engineering for sustainable software systems: a systematic mapping study,Peter BambazekIris GroherNorbert Seyff,2023,Article,10.1007/s00766-023-00402-1,http://link.springer.com/article/10.1007/s00766-023-00402-1,Requirements Engineering
A Framework for Automated Testing,Thomas FehlmannEberhard Kranich,2020,Chapter,10.1007/978-3-030-56441-4_20,http://link.springer.com/chapter/10.1007/978-3-030-56441-4_20,"Systems, Software and Services Process Improvement"
DeltaFuzz: Historical Version Information Guided Fuzz Testing,Jia-Ming ZhangZhan-Qi CuiXiang ChenHuan-Huan WuLi-Wei ZhengJian-Bin Liu,2022,Article,10.1007/s11390-021-1663-7,http://link.springer.com/article/10.1007/s11390-021-1663-7,Journal of Computer Science and Technology
Improving active participation during enterprise operations modeling with an extended story-card-method and participative modeling software,Marne De VriesPetra Opperman,2023,Article,10.1007/s10270-023-01083-8,http://link.springer.com/article/10.1007/s10270-023-01083-8,Software and Systems Modeling
Blended modeling in commercial and open-source model-driven software engineering tools: A systematic study,Istvan DavidMalvina LatifajJakob PietronWeixing ZhangFederico CiccozziIvano MalavoltaAlexander RaschkeJan-Philipp SteghöferRegina Hebig,2023,Article,10.1007/s10270-022-01010-3,http://link.springer.com/article/10.1007/s10270-022-01010-3,Software and Systems Modeling
A predictive model to estimate effort in a sprint using machine learning techniques,Melvina Autar RamessurSoulakshmee Devi Nagowah,2021,Article,10.1007/s41870-021-00669-z,http://link.springer.com/article/10.1007/s41870-021-00669-z,International Journal of Information Technology
Software Testing in the DevOps Context: A Systematic Mapping Study,B. PandoA. Dávila,2022,Article,10.1134/S0361768822080175,http://link.springer.com/article/10.1134/S0361768822080175,Programming and Computer Software
Community Smell Occurrence Prediction on Multi-Granularity by Developer-Oriented Features and Process Metrics,Zi-Jie HuangZhi-Qing ShaoGui-Sheng FanHui-Qun YuXing-Guang YangKang Yang,2022,Article,10.1007/s11390-021-1596-1,http://link.springer.com/article/10.1007/s11390-021-1596-1,Journal of Computer Science and Technology
Editorial,M. N. Hoda,2022,Article,10.1007/s41870-022-00905-0,http://link.springer.com/article/10.1007/s41870-022-00905-0,International Journal of Information Technology
TracIMo: a traceability introduction methodology and its evaluation in an Agile development team,Salome MaroJan-Philipp SteghöferPaolo BozzelliHenry Muccini,2022,Article,10.1007/s00766-021-00361-5,http://link.springer.com/article/10.1007/s00766-021-00361-5,Requirements Engineering
Deep Generation of Coq Lemma Names Using Elaborated Terms,Pengyu NieKarl PalmskogJunyi Jessy LiMilos Gligoric,2020,Chapter,10.1007/978-3-030-51054-1_6,http://link.springer.com/chapter/10.1007/978-3-030-51054-1_6,Automated Reasoning
SOCAM: a service-oriented computing architecture modeling method,Paola Y. Reyes-DelgadoHector A. Duran-LimonManuel MoraLaura C. Rodriguez-Martinez,2022,Article,10.1007/s10270-021-00946-2,http://link.springer.com/article/10.1007/s10270-021-00946-2,Software and Systems Modeling
Transforming Diagrams’ Semantics to Text for Visually Impaired,Charlie CrossDeniz CetinkayaHuseyin Dogan,2020,Chapter,10.1007/978-3-030-49713-2_24,http://link.springer.com/chapter/10.1007/978-3-030-49713-2_24,"Design, User Experience, and Usability. Interaction Design"
The Telecommunication Data Cockpit – Full Control for the Household Community,Gerald EichlerClaudia PohlinkWolfgang Kurz,2020,Chapter,10.1007/978-3-030-37484-6_1,http://link.springer.com/chapter/10.1007/978-3-030-37484-6_1,Innovations for Community Services
A systematic literature review of empirical research on quality requirements,Thomas OlssonSéverine SentillesEfi Papatheocharous,2022,Article,10.1007/s00766-022-00373-9,http://link.springer.com/article/10.1007/s00766-022-00373-9,Requirements Engineering
Optimization of association rules using hybrid data mining technique,Sahana P. ShankarE. NareshHarshit Agrawal,2022,Article,10.1007/s11334-021-00387-6,http://link.springer.com/article/10.1007/s11334-021-00387-6,Innovations in Systems and Software Engineering
Software test results exploration and visualization with continuous integration and nightly testing,Per Erik StrandbergWasif AfzalDaniel Sundmark,2022,Article,10.1007/s10009-022-00647-1,http://link.springer.com/article/10.1007/s10009-022-00647-1,International Journal on Software Tools for Technology Transfer
Dataset Management Using Metadata,David Milward,2020,Chapter,10.1007/978-3-030-37873-8_7,http://link.springer.com/chapter/10.1007/978-3-030-37873-8_7,Model-Driven Engineering and Software Development
Innovations in systems and software engineering guest editorial: special issue on software and systems reuse,Lamia Labed JilaniSihem Ben Sassi,2022,Article,10.1007/s11334-022-00451-9,http://link.springer.com/article/10.1007/s11334-022-00451-9,Innovations in Systems and Software Engineering
Consistency management in industrial continuous model-based development settings: a reality check,Robbert JongelingFederico CiccozziJan CarlsonAntonio Cicchetti,2022,Article,10.1007/s10270-022-01000-5,http://link.springer.com/article/10.1007/s10270-022-01000-5,Software and Systems Modeling
An approach for performance requirements verification and test environments generation,Waleed AbdeenXingru ChenMichael Unterkalmsteiner,2023,Article,10.1007/s00766-022-00379-3,http://link.springer.com/article/10.1007/s00766-022-00379-3,Requirements Engineering
Practitioners’ experiences with model-driven engineering: a meta-review,Charlotte VerbruggenMonique Snoeck,2023,Article,10.1007/s10270-022-01020-1,http://link.springer.com/article/10.1007/s10270-022-01020-1,Software and Systems Modeling
Social and Human Factor Classification of Influence in Productivity in Software Development Teams,Liliana Machuca-VillegasGloria Piedad Gasca-HurtadoLuz Marcela Restrepo TamayoSolbey Morillo Puente,2020,Chapter,10.1007/978-3-030-56441-4_54,http://link.springer.com/chapter/10.1007/978-3-030-56441-4_54,"Systems, Software and Services Process Improvement"
On Identifying Similarities in Git Commit Trends—A Comparison Between Clustering and SimSAX,Miroslaw OchodekMiroslaw StaronWilhelm Meding,2020,Chapter,10.1007/978-3-030-35510-4_7,http://link.springer.com/chapter/10.1007/978-3-030-35510-4_7,Software Quality: Quality Intelligence in Software and Systems Engineering
Secure FaaS orchestration in the fog: how far are we?,Alessandro BocciStefano FortiGian-Luigi FerrariAntonio Brogi,2021,Article,10.1007/s00607-021-00924-y,http://link.springer.com/article/10.1007/s00607-021-00924-y,Computing
Development and Operation of Trustworthy Smart IoT Systems: The ENACT Framework,Nicolas FerryJacek DominiakAnne GallonElena GonzálezEider IturbeStéphane LavirotteSaturnino MartinezAndreas MetzgerVictor Muntés-MuleroPhu H. NguyenAlexander PalmAngel RegoErkuden RiosDiego RivieraArnor SolbergHui Song,2020,Chapter,10.1007/978-3-030-39306-9_9,http://link.springer.com/chapter/10.1007/978-3-030-39306-9_9,Software Engineering Aspects of Continuous Development and New Paradigms of Software Production and Deployment
Supporting data-aware processes with MERODE,Monique SnoeckCharlotte VerbruggenJohannes De SmedtJochen De Weerdt,2023,Article,10.1007/s10270-023-01095-4,http://link.springer.com/article/10.1007/s10270-023-01095-4,Software and Systems Modeling
The realist approach for evaluation of computational intelligence in software engineering,Raghavendra Rao AltharDebabrata Samanta,2021,Article,10.1007/s11334-020-00383-2,http://link.springer.com/article/10.1007/s11334-020-00383-2,Innovations in Systems and Software Engineering
Revisiting Refactoring Mechanics from Tool Developers’ Perspective,Jonhnanthan OliveiraRohit GheyiFelipe PontesMelina MongioviMárcio RibeiroAlessandro Garcia,2020,Chapter,10.1007/978-3-030-63882-5_3,http://link.springer.com/chapter/10.1007/978-3-030-63882-5_3,Formal Methods: Foundations and Applications
The ForeMoSt approach to building valid model-based safety arguments,Torin VigerLogan MurphyAlessio Di SandroClaudio MenghiRamy ShahinMarsha Chechik,2022,Article,10.1007/s10270-022-01063-4,http://link.springer.com/article/10.1007/s10270-022-01063-4,Software and Systems Modeling
Fabricatable axis: an approach for modelling customized fabrication machines,Frikk H. FossdalRogardt HeldalJens DyvikAdrian Rutle,2022,Article,10.1007/s10270-022-01007-y,http://link.springer.com/article/10.1007/s10270-022-01007-y,Software and Systems Modeling
Model-driven development platform selection: four industry case studies,Siamak FarshidiSlinger JansenSven Fortuin,2021,Article,10.1007/s10270-020-00855-w,http://link.springer.com/article/10.1007/s10270-020-00855-w,Software and Systems Modeling
Software effort estimation using ensemble of hybrid search-based algorithms based on metaheuristic algorithms,Wasiur RhmannBabita PandeyGufran Ahmad Ansari,2022,Article,10.1007/s11334-020-00377-0,http://link.springer.com/article/10.1007/s11334-020-00377-0,Innovations in Systems and Software Engineering
Runtime translation of OCL-like statements on Simulink models: Expanding domains and optimising queries,Beatriz A. SanchezAthanasios ZolotasHoracio Hoyos RodriguezDimitris KolovosRichard F. PaigeJustin C. CooperJason Hampson,2021,Article,10.1007/s10270-021-00910-0,http://link.springer.com/article/10.1007/s10270-021-00910-0,Software and Systems Modeling
"A Comprehensive Review of Redirected Walking Techniques: Taxonomy, Methods, and Future Directions",Yi-Jun LiFrank SteinickeMiao Wang,2022,Article,10.1007/s11390-022-2266-7,http://link.springer.com/article/10.1007/s11390-022-2266-7,Journal of Computer Science and Technology
"Real-Time Analytics: Benefits, Limitations, and Tradeoffs",S. D. KuznetsovP. E. VelikhovQ. Fu,2023,Article,10.1134/S036176882301005X,http://link.springer.com/article/10.1134/S036176882301005X,Programming and Computer Software
Empirical analysis of the tool support for software product lines,José Miguel HorcasMónica PintoLidia Fuentes,2023,Article,10.1007/s10270-022-01011-2,http://link.springer.com/article/10.1007/s10270-022-01011-2,Software and Systems Modeling
Teaching DevOps in Academia and Industry: Reflections and Vision,Evgeny BobrovAntonio BucchiaroneAlfredo CapozuccaNicolas GuelfiManuel MazzaraSergey Masyagin,2020,Chapter,10.1007/978-3-030-39306-9_1,http://link.springer.com/chapter/10.1007/978-3-030-39306-9_1,Software Engineering Aspects of Continuous Development and New Paradigms of Software Production and Deployment
"A systematic literature review on IoT-aware business process modeling views, requirements and notations",Ivan CompagnucciFlavio CorradiniFabrizio FornariAndrea PoliniBarbara ReFrancesco Tiezzi,2023,Article,10.1007/s10270-022-01049-2,http://link.springer.com/article/10.1007/s10270-022-01049-2,Software and Systems Modeling
Applying MDD in the content management system domain,Dennis PrieferWolf RostDaniel StrüberGabriele TaentzerPeter Kneisel,2021,Article,10.1007/s10270-021-00872-3,http://link.springer.com/article/10.1007/s10270-021-00872-3,Software and Systems Modeling
X-IoT: a model-driven approach to support IoT application portability across IoT platforms,Flavio CorradiniArianna FedeliFabrizio FornariAndrea PoliniBarbara ReLuca Ruschioni,2023,Article,10.1007/s00607-023-01155-z,http://link.springer.com/article/10.1007/s00607-023-01155-z,Computing
Supporting Process Design in the Autonomous Era with New Standards and Guidelines,Masao Ito,2020,Chapter,10.1007/978-3-030-56441-4_39,http://link.springer.com/chapter/10.1007/978-3-030-56441-4_39,"Systems, Software and Services Process Improvement"
Efficient Quantification of Profile Matching Risk in Social Networks Using Belief Propagation,Anisa HalimiErman Ayday,2020,Chapter,10.1007/978-3-030-58951-6_6,http://link.springer.com/chapter/10.1007/978-3-030-58951-6_6,Computer Security – ESORICS 2020
"Data Repository in Framework for Computation Pipelining: Model, Architecture, the Implementation Performance Estimates",A. A. IvankovG. A. Manuilov,2022,Article,10.1134/S0361768822050048,http://link.springer.com/article/10.1134/S0361768822050048,Programming and Computer Software
Model-based resource analysis and synthesis of service-oriented automotive software architectures,Stefan KugelePhilipp ObergfellEric Sax,2021,Article,10.1007/s10270-021-00896-9,http://link.springer.com/article/10.1007/s10270-021-00896-9,Software and Systems Modeling
ParichartBOT: a chatbot for automatic answering for postgraduate students of an open university,Songlak Sakulwichitsintu,2023,Article,10.1007/s41870-023-01176-z,http://link.springer.com/article/10.1007/s41870-023-01176-z,International Journal of Information Technology
Extending W3C Thing Description to Provide Support for Interactions of Things in Real-Time,Daniel Flores-MartinJavier BerrocalJosé García-AlonsoJuan M. Murillo,2020,Chapter,10.1007/978-3-030-65665-2_4,http://link.springer.com/chapter/10.1007/978-3-030-65665-2_4,Current Trends in Web Engineering
A mathematical framework for design discovery from multi-threaded applications using neural sequence solvers,Srijoni MajumdarNachiketa ChatterjeePartha Pratim DasAmlan Chakrabarti,2021,Article,10.1007/s11334-021-00393-8,http://link.springer.com/article/10.1007/s11334-021-00393-8,Innovations in Systems and Software Engineering
Distributed model validation with Epsilon,Sina MadaniDimitris KolovosRichard F. Paige,2021,Article,10.1007/s10270-021-00878-x,http://link.springer.com/article/10.1007/s10270-021-00878-x,Software and Systems Modeling
A Programmer’s Text Editor for a Logical Theory: The SUMOjEdit Editor (System Description),Adam Pease,2020,Chapter,10.1007/978-3-030-51054-1_31,http://link.springer.com/chapter/10.1007/978-3-030-51054-1_31,Automated Reasoning
A cross-technology benchmark for incremental graph queries,Georg HinkelAntonio Garcia-DominguezRené SchöneArtur BoronatMassimo TisiThéo Le CalvarFrederic JouaultJózsef MartonTamás NyíriJános Benjamin AntalMárton ElekesGábor Szárnyas,2022,Article,10.1007/s10270-021-00927-5,http://link.springer.com/article/10.1007/s10270-021-00927-5,Software and Systems Modeling
Repository mining for changes in Simulink and Stateflow models,Monika JaskolkaVera PantelicAlan WassyngRichard F. PaigeMark Lawford,2023,Article,10.1007/s10270-023-01113-5,http://link.springer.com/article/10.1007/s10270-023-01113-5,Software and Systems Modeling
"Mi-Cho-Coq, a Framework for Certifying Tezos Smart Contracts",Bruno BernardoRaphaël CauderlierZhenlei HuBasile PesinJulien Tesson,2020,Chapter,10.1007/978-3-030-54994-7_28,http://link.springer.com/chapter/10.1007/978-3-030-54994-7_28,Formal Methods. FM 2019 International Workshops
Integrating wireless sensing and decision support technologies for real-time farmland monitoring and support for effective decision making,Pawan KumarSanjay MotiaS. R. N. Reddy,2023,Article,10.1007/s41870-018-0218-9,http://link.springer.com/article/10.1007/s41870-018-0218-9,International Journal of Information Technology
A descriptive study of assumptions in STRIDE security threat modeling,Dimitri Van LanduytWouter Joosen,2022,Article,10.1007/s10270-021-00941-7,http://link.springer.com/article/10.1007/s10270-021-00941-7,Software and Systems Modeling
"Information Superbahn: Towards a Planet-Scale, Low-Entropy and High-Goodput Computing Utility",Zhi-Wei XuZhen-Ying LiZi-Shu YuFeng-Zhi Li,2023,Article,10.1007/s11390-022-2898-7,http://link.springer.com/article/10.1007/s11390-022-2898-7,Journal of Computer Science and Technology
Convolutional neural network based children recognition system using contactless fingerprints,Kanchana RajaramN. G. Bhuvaneswari AmmaS. Selvakumar,2023,Article,10.1007/s41870-023-01306-7,http://link.springer.com/article/10.1007/s41870-023-01306-7,International Journal of Information Technology
Guest editorial for the special section on MODELS 2021,Shiva NejatiDániel Varró,2023,Article,10.1007/s10270-023-01108-2,http://link.springer.com/article/10.1007/s10270-023-01108-2,Software and Systems Modeling
An automated framework for verifying or refuting trace properties of extended finite state machines,Ramsay G. TaylorMichael FosterSiobhán North,2022,Article,10.1007/s10009-022-00666-y,http://link.springer.com/article/10.1007/s10009-022-00666-y,International Journal on Software Tools for Technology Transfer
An efficient approach for reviewing security-related aspects in agile requirements specifications of web applications,Hugo VillamizarMarcos KalinowskiAlessandro GarciaDaniel Mendez,2020,Article,10.1007/s00766-020-00338-w,http://link.springer.com/article/10.1007/s00766-020-00338-w,Requirements Engineering
Guest editorial for EMMSAD’2021 special section,Iris Reinhartz-BergerJelena ZdravkovicAsif Gill,2023,Article,10.1007/s10270-022-01058-1,http://link.springer.com/article/10.1007/s10270-022-01058-1,Software and Systems Modeling
Comparing mutation coverage against branch coverage in an industrial setting,Ali ParsaiSerge Demeyer,2020,Article,10.1007/s10009-020-00567-y,http://link.springer.com/article/10.1007/s10009-020-00567-y,International Journal on Software Tools for Technology Transfer
Test-Driven Feature Extraction of Web Components,Yong-Hao LongYan-Cheng ChenXiang-Ping ChenXiao-Hong ShiFan Zhou,2022,Article,10.1007/s11390-022-0673-4,http://link.springer.com/article/10.1007/s11390-022-0673-4,Journal of Computer Science and Technology
HATMOG: an enhanced hybrid task assignment algorithm based on AHP-TOPSIS and multi-objective genetic in cloud computing,Sahar Samsam ShariatBehrang Barekatain,2022,Article,10.1007/s00607-021-01049-y,http://link.springer.com/article/10.1007/s00607-021-01049-y,Computing
Promoting social diversity for the automated learning of complex MDE artifacts,Edouard R. BatotHouari Sahraoui,2022,Article,10.1007/s10270-021-00969-9,http://link.springer.com/article/10.1007/s10270-021-00969-9,Software and Systems Modeling
TConvRec: temporal convolutional-recurrent fusion model with additional pattern learning,Brijendra SinghRashi Jaiswal,2023,Article,10.1007/s41870-022-01116-3,http://link.springer.com/article/10.1007/s41870-022-01116-3,International Journal of Information Technology
Early-stage analysis of cyber-physical production systems through collaborative modelling,Mihai NeghinaConstantin-Bala ZamfirescuKen Pierce,2020,Article,10.1007/s10270-019-00753-w,http://link.springer.com/article/10.1007/s10270-019-00753-w,Software and Systems Modeling
Grand challenges in model-driven engineering: an analysis of the state of the research,Antonio BucchiaroneJordi CabotRichard F. PaigeAlfonso Pierantonio,2020,Article,10.1007/s10270-019-00773-6,http://link.springer.com/article/10.1007/s10270-019-00773-6,Software and Systems Modeling
Automated synthesis of local time requirement for service composition,Étienne AndréTian Huat TanManman ChenShuang LiuJun SunYang LiuJin Song Dong,2020,Article,10.1007/s10270-020-00787-5,http://link.springer.com/article/10.1007/s10270-020-00787-5,Software and Systems Modeling
Preface,Wen-Guang ChenYing-Wei LuoGuang-Yu Sun,2020,Article,10.1007/s11390-020-0003-7,http://link.springer.com/article/10.1007/s11390-020-0003-7,Journal of Computer Science and Technology
Extending a brainiac prover to lambda-free higher-order logic,Petar VukmirovićJasmin BlanchetteSimon CruanesStephan Schulz,2022,Article,10.1007/s10009-021-00639-7,http://link.springer.com/article/10.1007/s10009-021-00639-7,International Journal on Software Tools for Technology Transfer